finding_id,source,component,cve_or_issue,cvss,classification,owner,due_date,notes
dc-001,dependency-check,org.apache.tomcat.embed:tomcat-embed-core:10.1.31,"CVE-2026-65905, CVE-2026-65637 and 15 more Critical (max 9.8)",9.8,fixed,brandon,2026-10-05,"Transitive: spring-boot-starter-web > spring-boot-starter-tomcat. Handles every request. Boot 3.5.16 gives 10.1.55 (still 7 Critical); tomcat.version 10.1.60 -> 0 findings"
dc-002,dependency-check,org.springframework.boot:spring-boot:3.3.5,"CVE-2026-40974 and 6 more",9.8,fixed,brandon,2026-10-05,"Fixed by Boot 3.5.16. spring-boot-starter-data-jpa reported the same 7 CVEs: empty starter jar matched to the spring_boot CPE by name (false-positive duplicate)"
dc-003,dependency-check,org.postgresql:postgresql:42.7.4,"CVE-2026-42198 (7.5), CVE-2026-54291, CVE-2025-49146",7.5,fixed,brandon,2026-10-05,"Real driver CVEs. Boot 3.5.16 gives 42.7.11 (still CVE-2026-54291); postgresql.version 42.7.13 -> 0 findings"
dc-004,dependency-check,com.fasterxml.jackson.core:jackson-databind:2.17.2,"CVE-2026-54512, CVE-2026-54513",8.1,fixed,brandon,2026-10-05,"Fixed by Boot 3.5.16 (Jackson 2.21.4); CVE-2026-54515 (5.3) remains below the gate"
dc-005,dependency-check,org.springframework:spring-*:6.2.19,"CVE-2026-47885, -47888, -47889, -47891, -47892, -47893",9.8,false_positive,brandon,2027-04-05,"WebFlux / RSocket / Jetty adapter CVEs matched via the shared spring_framework CPE; none of those modules is on the classpath (mvn dependency:list). Suppressed per CVE for spring-*@6.2.19"
dc-006,dependency-check,org.springframework:spring-*:6.2.19,"CVE-2026-47884, -47886, -47890, -59282, -59283, -59313",9.8,accepted_risk,brandon,2026-12-31,"Feature code present but unused: no XsltView or view rendering, SSE, functional routes, untrusted SpEL or WebDataBinder onto objects (grep backend/src/main). 6.2.19 is the last OSS 6.2.x; fix is Boot 4 / Spring 7. Re-check when a controller adds any of these. CVE-2026-47884 also ignored in backend/.trivyignore.yaml for the image gate"
dc-007,dependency-check,org.apache.logging.log4j:log4j-*:2.24.3,CVE-2026-34479,7.5,false_positive,brandon,2027-04-05,"Log4j1XmlLayout is in the log4j-1.2-api bridge, not on the classpath. Logging is Logback; log4j-api only forwards to SLF4J"
sg-001,semgrep,.github/workflows/capstone-cd.yml,run-shell-injection (ERROR),,fixed,brandon,2026-10-06,"Fixed locally on fix/53-codeql-gate: input passed through env DIGEST and quoted in the shell; require sha256: plus 64 lowercase hex digits. 12 digest cases pass locally. Merge and GitHub CI pending."
sg-002,semgrep,".github/workflows/capstone-ci.yml, capstone-cd.yml",github-actions-mutable-action-tag (WARNING),,fixed,brandon,2026-10-06,"Fixed locally on fix/53-codeql-gate: all 18 external action references pinned to full SHAs verified from the original actions repositories; weekly Dependabot updates with a 7-day cooldown. Merge and GitHub CI pending."
tv-001,trivy,com.fasterxml.jackson.core:jackson-core / jackson-databind:2.21.4,"CVE-2026-89407, CVE-2026-89425, CVE-2026-68497, CVE-2026-91776, CVE-2026-91777",,open,brandon,2026-10-08,"Found by the image scan (GitHub advisories), not by Dependency-Check. In the JAR, not the base image. All fixed in 2.21.7: set jackson-bom.version in backend/pom.xml and re-verify"
